production_method_name,parent_building,filename,total_employment,inputs,outputs,input_cost,output_revenue,total_profit,profit_per_employee,updated_input_cost,updated_revenue,updated_profit,updated_employment,updated_profit_per_employee
pm_dummy,dummy,00_dummy.txt,0,{},{},0,0,0,0,,,,0,
pm_bakery,industry,01_industry.txt,5000,{'grain': 40.0},{'groceries': 45.0},800,1350,550,0.11,1200,1650,450,0,0.09
pm_sweeteners,industry,01_industry.txt,5000,"{'grain': 40.0, 'sugar': 15.0}",{'groceries': 65.0},1250,1950,700,0.14,1750,2350,600,0,0.12
pm_baking_powder,industry,01_industry.txt,5000,"{'grain': 80.0, 'sugar': 30.0}",{'groceries': 120.0},2500,3600,1100,0.22,3450,4350,900,0,0.18
pm_disabled_canning,industry,01_industry.txt,0,{},{},0,0,0,0,,,,,
pm_cannery,industry,01_industry.txt,500,"{'grain': -20.0, 'meat': 20.0, 'iron': 10.0}",{'groceries': 30.0},600,900,300,0.6,850,1100,250,0,0.5
pm_cannery_fish,industry,01_industry.txt,500,"{'grain': -20.0, 'fish': 30.0, 'iron': 10.0}",{'groceries': 30.0},600,900,300,0.6,850,1100,250,0,0.5
pm_vacuum_canning,industry,01_industry.txt,700,"{'grain': -30.0, 'fish': 30.0, 'meat': 20.0, 'iron': 10.0, 'oil': 5.0}",{'groceries': 60.0},1200,1800,600,0.8571428571,1700,2200,500,0,0.7142857143
pm_vacuum_canning_principle_3,industry,01_industry.txt,700,"{'grain': -30.0, 'fish': 30.0, 'meat': 20.0, 'iron': 10.0, 'oil': 5.0}",{'groceries': 70.0},1200,2100,900,1.285714286,1800,2550,750,0,1.071428571
pm_disabled_distillery,industry,01_industry.txt,0,{},{},0,0,0,0,,,,,
pm_pot_stills,industry,01_industry.txt,350,{'sugar': 25.0},"{'liquor': 60.0, 'groceries': -30.0}",750,900,150,0.4285714286,950,1100,150,0,0.4285714286
pm_patent_stills,industry,01_industry.txt,900,"{'sugar': 25.0, 'glass': 10.0}","{'liquor': 100.0, 'groceries': -40.0}",1150,1800,650,0.7222222222,1650,2200,550,0,0.6111111111
pm_manual_dough_processing,industry,01_industry.txt,0,{},{},0,0,0,0,,,,,
pm_automated_bakery,industry,01_industry.txt,-2500,{'tools': 10.0},{},400,0,-400,0.16,550,0,-550,-3000,0.1833333333
pm_handsewn_clothes,industry,01_industry.txt,5000,{'fabric': 40.0},{'clothes': 45.0},800,1350,550,0.11,1200,1650,450,0,0.09
pm_dye_workshops,industry,01_industry.txt,5000,"{'fabric': 40.0, 'dye': 5.0}",{'clothes': 60.0},1000,1800,800,0.16,1550,2200,650,0,0.13
pm_sewing_machines,industry,01_industry.txt,5000,"{'fabric': 60.0, 'dye': 10.0, 'tools': 5.0}",{'clothes': 100.0},1800,3000,1200,0.24,2600,3600,1000,0,0.2
pm_electric_sewing_machines,industry,01_industry.txt,5000,"{'fabric': 60.0, 'dye': 20.0, 'tools': 10.0, 'electricity': 10.0}",{'clothes': 140.0},2700,4200,1500,0.3,3850,5050,1200,0,0.24
pm_no_luxury_clothes,industry,01_industry.txt,0,{},{},0,0,0,0,,,,,
pm_craftsman_sewing,industry,01_industry.txt,500,"{'silk': 15.0, 'fabric': -15.0}","{'clothes': -30.0, 'luxury_clothes': 30.0}",300,900,600,1.2,600,1100,500,0,1
pm_elastics,industry,01_industry.txt,1000,"{'rubber': 10.0, 'silk': 35.0, 'fabric': -35.0}","{'clothes': -70.0, 'luxury_clothes': 70.0}",1100,2100,1000,1,1750,2550,800,0,0.8
pm_traditional_looms,industry,01_industry.txt,0,{},{},0,0,0,0,,,,,
pm_mechanized_looms,industry,01_industry.txt,-1500,{'tools': 5.0},{},200,0,-200,0.1333333333,250,0,-250,-1800,0.1388888889
pm_automatic_power_looms,industry,01_industry.txt,-2500,"{'tools': 5.0, 'electricity': 10.0}",{},500,0,-500,0.2,700,0,-700,-3000,0.2333333333
pm_handcrafted_furniture,industry,01_industry.txt,5000,"{'wood': 30.0, 'fabric': 10.0}",{'furniture': 45.0},800,1350,550,0.11,1200,1650,450,0,0.09
pm_lathe,industry,01_industry.txt,5000,"{'wood': 30.0, 'fabric': 10.0, 'tools': 5.0}",{'furniture': 65.0},1000,1950,950,0.19,1550,2350,800,0,0.16
pm_mechanized_workshops,industry,01_industry.txt,5500,"{'wood': 50.0, 'fabric': 10.0, 'tools': 10.0}",{'furniture': 110.0},1600,3300,1700,0.3090909091,2600,4000,1400,0,0.2545454545
pm_no_luxuries,industry,01_industry.txt,0,{},{},0,0,0,0,,,,,
pm_luxury_furniture,industry,01_industry.txt,500,"{'hardwood': 15.0, 'wood': -15.0}","{'furniture': -25.0, 'luxury_furniture': 25.0}",300,750,450,0.9,500,900,400,0,0.8
pm_precision_tools,industry,01_industry.txt,1000,"{'hardwood': 25.0, 'tools': 10.0, 'wood': -25.0}","{'furniture': -55.0, 'luxury_furniture': 55.0}",900,1650,750,0.75,1400,2000,600,0,0.6
pm_automation_disabled,industry,01_industry.txt,0,{},{},0,0,0,0,,,,,
pm_watertube_boiler_building_furniture_manufacturies,industry,01_industry.txt,-1500,"{'tools': 5.0, 'coal': 5.0}",{},350,0,-350,0.2333333333,450,0,-450,-1800,0.25
pm_rotary_valve_engine_building_furniture_manufacturies,industry,01_industry.txt,-2000,"{'tools': 5.0, 'coal': 10.0}",{},500,0,-500,0.25,700,0,-700,-2400,0.2916666667
pm_assembly_lines_building_furniture_manufacturies,industry,01_industry.txt,-3000,"{'tools': 5.0, 'oil': 5.0, 'electricity': 5.0}",{},550,0,-550,0.1833333333,750,0,-750,-3600,0.2083333333
pm_forest_glass,industry,01_industry.txt,5000,{'wood': 30.0},{'glass': 30.0},600,1200,600,0.12,950,1450,500,0,0.1
pm_leaded_glass,industry,01_industry.txt,5000,"{'wood': 20.0, 'lead': 10.0}",{'glass': 40.0},800,1600,800,0.16,1300,1950,650,0,0.13
pm_crystal_glass,industry,01_industry.txt,5000,{'lead': 35.0},{'glass': 60.0},1400,2400,1000,0.2,2100,2900,800,0,0.16
pm_houseware_plastics,industry,01_industry.txt,5000,"{'oil': 20.0, 'lead': 30.0}",{'glass': 100.0},2000,4000,2000,0.4,3200,4800,1600,0,0.32
pm_disabled_ceramics,industry,01_industry.txt,0,{},{},0,0,0,0,,,,,
pm_ceramics,industry,01_industry.txt,250,{'dye': 5.0},"{'glass': -10.0, 'porcelain': 10.0}",200,300,100,0.4,300,400,100,0,0.4
pm_bone_china,industry,01_industry.txt,500,{'dye': 10.0},"{'glass': -20.0, 'porcelain': 30.0}",400,1300,900,1.8,850,1600,750,0,1.5
pm_manual_glassblowing,industry,01_industry.txt,0,{},{},0,0,0,0,,,,,
pm_automatic_bottle_blowers,industry,01_industry.txt,-2500,"{'tools': 2.0, 'engines': 2.0, 'oil': 5.0}",{},400,0,-400,0.16,550,0,-550,-3000,0.1833333333
pm_crude_tools,industry,01_industry.txt,5000,{'wood': 30.0},{'tools': 25.0},600,1000,400,0.08,850,1200,350,0,0.07
pm_pig_iron,industry,01_industry.txt,5000,"{'wood': 30.0, 'iron': 20.0}",{'tools': 50.0},1400,2000,600,0.12,1900,2400,500,0,0.1
pm_steel,industry,01_industry.txt,5000,"{'wood': 30.0, 'steel': 20.0}",{'tools': 70.0},1600,2800,1200,0.24,2400,3400,1000,0,0.2
pm_rubber_grips,industry,01_industry.txt,5000,"{'rubber': 10.0, 'steel': 30.0}",{'tools': 95.0},1900,3800,1900,0.38,3050,4600,1550,0,0.31
pm_watertube_boiler_building_tooling_workshops,industry,01_industry.txt,-1500,{'coal': 10.0},{},300,0,-300,0.2,400,0,-400,-1800,0.2222222222
pm_rotary_valve_engine_building_tooling_workshops,industry,01_industry.txt,-2000,{'coal': 15.0},{},450,0,-450,0.225,600,0,-600,-2400,0.25
pm_assembly_lines_building_tooling_workshops,industry,01_industry.txt,-3000,"{'oil': 10.0, 'electricity': 5.0}",{},550,0,-550,0.1833333333,750,0,-750,-3600,0.2083333333
pm_pulp_pressing,industry,01_industry.txt,5000,{'wood': 30.0},{'paper': 40.0},600,1200,600,0.12,950,1450,500,0,0.1
pm_sulfite_pulping,industry,01_industry.txt,5000,"{'wood': 30.0, 'sulfur': 10.0}",{'paper': 70.0},1100,2100,1000,0.2,1750,2550,800,0,0.16
pm_bleached_paper,industry,01_industry.txt,5000,"{'wood': 30.0, 'sulfur': 10.0, 'dye': 10.0}",{'paper': 100.0},1500,3000,1500,0.3,2400,3600,1200,0,0.24
pm_watertube_boiler_building_paper_mills,industry,01_industry.txt,-1500,"{'tools': 5.0, 'coal': 5.0}",{},350,0,-350,0.2333333333,450,0,-450,-1800,0.25
pm_rotary_valve_engine_building_paper_mills,industry,01_industry.txt,-2000,"{'tools': 5.0, 'coal': 10.0}",{},500,0,-500,0.25,700,0,-700,-2400,0.2916666667
pm_artificial_fertilizers,industry,01_industry.txt,5000,"{'sulfur': 30.0, 'iron': 10.0}",{'fertilizer': 90.0},1900,2700,800,0.16,2600,3250,650,0,0.13
pm_improved_fertilizer,industry,01_industry.txt,5000,"{'sulfur': 30.0, 'iron': 30.0}",{'fertilizer': 140.0},2700,4200,1500,0.3,3850,5050,1200,0,0.24
pm_nitrogen_fixation,industry,01_industry.txt,5000,"{'sulfur': 40.0, 'oil': 20.0, 'iron': 30.0}",{'fertilizer': 200.0},4000,6000,2000,0.4,5600,7200,1600,0,0.32
pm_no_explosives_production,industry,01_industry.txt,0,{},{},0,0,0,0,,,,,
pm_leblanc_process,industry,01_industry.txt,5000,"{'sulfur': 20.0, 'fertilizer': 20.0}",{'explosives': 50.0},1600,2500,900,0.18,2250,3000,750,0,0.15
pm_ammonia-soda_process,industry,01_industry.txt,5000,"{'sulfur': 30.0, 'fertilizer': 30.0, 'paper': 10.0}",{'explosives': 80.0},2700,4000,1300,0.26,3750,4800,1050,0,0.21
pm_vacuum_evaporation,industry,01_industry.txt,4500,"{'sulfur': 40.0, 'fertilizer': 40.0, 'paper': 20.0}",{'explosives': 110.0},3800,5500,1700,0.3777777778,5200,6600,1400,0,0.3111111111
pm_brine_electrolysis,industry,01_industry.txt,4000,"{'sulfur': 40.0, 'fertilizer': 50.0, 'paper': 30.0, 'electricity': 20.0}",{'explosives': 150.0},5000,7500,2500,0.625,7000,9000,2000,0,0.5
pm_dye_production,industry,01_industry.txt,5000,"{'sulfur': 20.0, 'fertilizer': 30.0}",{'dye': 80.0},1900,3200,1300,0.26,2800,3850,1050,0,0.21
pm_no_artificial_fibers,industry,01_industry.txt,0,{},{},0,0,0,0,0,0,0,0,#DIV/0!
pm_rayon,industry,01_industry.txt,0,{'wood': 10.0},"{'dye': -10.0, 'silk': 30.0}",200,800,600,0,500,1000,500,0,#DIV/0!
pm_blister_steel_process,industry,01_industry.txt,5000,"{'iron': 40.0, 'coal': 30.0}",{'steel': 65.0},2500,3250,750,0.15,3300,3900,600,0,0.12
pm_bessemer_process,industry,01_industry.txt,5000,"{'iron': 60.0, 'coal': 30.0}",{'steel': 90.0},3300,4500,1200,0.24,4400,5400,1000,0,0.2
pm_open_hearth_process,industry,01_industry.txt,5000,"{'iron': 90.0, 'coal': 30.0}",{'steel': 120.0},4500,6000,1500,0.3,6000,7200,1200,0,0.24
pm_electric_arc_process,industry,01_industry.txt,5000,"{'iron': 100.0, 'coal': 30.0, 'electricity': 30.0}",{'steel': 150.0},5800,7500,1700,0.34,7600,9000,1400,0,0.28
pm_watertube_boiler_building_steel_mills,industry,01_industry.txt,-1500,"{'tools': 5.0, 'coal': 5.0}",{},350,0,-350,0.2333333333,450,0,-450,-1800,0.25
pm_rotary_valve_engine_building_steel_mills,industry,01_industry.txt,-2000,"{'tools': 5.0, 'coal': 10.0}",{},500,0,-500,0.25,700,0,-700,-2400,0.2916666667
pm_steam_engines,industry,01_industry.txt,5000,{'steel': 30.0},{'engines': 40.0},1500,2400,900,0.18,2150,2900,750,0,0.15
pm_electric_engines,industry,01_industry.txt,5000,"{'steel': 40.0, 'electricity': 30.0}",{'engines': 80.0},2900,4800,1900,0.38,4250,5800,1550,0,0.31
pm_diesel_engines,industry,01_industry.txt,5000,"{'steel': 50.0, 'oil': 50.0}",{'engines': 120.0},4500,7200,2700,0.54,6450,8650,2200,0,0.44
pm_watertube_boiler_building_motor_industry,industry,01_industry.txt,-1000,"{'tools': 5.0, 'coal': 5.0}",{},350,0,-350,0.35,450,0,-450,-1200,0.375
pm_rotary_valve_engine_building_motor_industry,industry,01_industry.txt,-1500,"{'tools': 5.0, 'coal': 10.0}",{},500,0,-500,0.3333333333,700,0,-700,-1800,0.3888888889
pm_assembly_lines_building_motor_industry,industry,01_industry.txt,-2000,"{'tools': 5.0, 'oil': 5.0, 'electricity': 5.0}",{},550,0,-550,0.275,750,0,-750,-2400,0.3125
pm_assembly_lines_building_automotive_industry,industry,01_industry.txt,-2000,"{'tools': 5.0, 'oil': 5.0, 'electricity': 5.0}",{},550,0,-550,0.275,750,0,-750,-2400,0.3125
pm_basic_shipbuilding,industry,01_industry.txt,5000,"{'wood': 40.0, 'fabric': 20.0}",{'clippers': 35.0},1200,2100,900,0.18,1800,2550,750,0,0.15
pm_complex_shipbuilding,industry,01_industry.txt,5000,"{'wood': 20.0, 'hardwood': 20.0, 'fabric': 20.0, 'engines': 5.0}",{'clippers': 70.0},1900,4200,2300,0.46,3200,5050,1850,0,0.37
pm_metal_shipbuilding,industry,01_industry.txt,5000,"{'steel': 30.0, 'coal': 10.0, 'engines': 10.0}",{'steamers': 65.0},2400,4550,2150,0.43,3750,5500,1750,0,0.35
pm_arc_welding_shipbuilding,industry,01_industry.txt,5000,"{'steel': 30.0, 'electricity': 30.0, 'engines': 10.0}",{'steamers': 80.0},3000,5600,2600,0.52,4650,6750,2100,0,0.42
pm_no_military_shipbuilding,industry,01_industry.txt,0,{},{},0,0,0,0,0,0,0,0,#DIV/0!
pm_military_shipbuilding_wooden,industry,01_industry.txt,5000,"{'hardwood': 20.0, 'fabric': 20.0, 'iron': 10.0}",{'manowars': 35.0},1600,2450,850,0.17,2250,2950,700,0,0.14
pm_military_shipbuilding_wooden_2,industry,01_industry.txt,5000,"{'hardwood': 30.0, 'fabric': 10.0, 'engines': 5.0, 'iron': 10.0}",{'manowars': 45.0},2100,3150,1050,0.21,2950,3800,850,0,0.17
pm_military_shipbuilding_steam,industry,01_industry.txt,5000,"{'steel': 40.0, 'coal': 20.0, 'engines': 10.0}",{'ironclads': 55.0},3200,4400,1200,0.24,4300,5300,1000,0,0.2
pm_military_shipbuilding_steam_2,industry,01_industry.txt,5000,"{'steel': 40.0, 'electricity': 30.0, 'engines': 20.0}",{'ironclads': 70.0},4100,5600,1500,0.3,5550,6750,1200,0,0.24
pm_automobile_production,industry,01_industry.txt,5000,"{'engines': 10.0, 'rubber': 5.0, 'oil': 5.0}",{'automobiles': 30.0},1000,3000,2000,0.4,2000,3600,1600,0,0.32
pm_mass_automobile_production,industry,01_industry.txt,5000,"{'engines': 10.0, 'rubber': 10.0, 'oil': 10.0}",{'automobiles': 60.0},1400,6000,4600,0.92,3500,7200,3700,0,0.74
pm_no_aeroplane_production,industry,01_industry.txt,0,{},{},0,0,0,0,0,0,0,0,#DIV/0!
pm_aeroplane_production,industry,01_industry.txt,250,"{'hardwood': 4.0, 'fabric': 4.0}","{'automobiles': -10.0, 'aeroplanes': 10.0}",240,-200,-440,-1.76,400,-200,-600,0,0
pm_no_tank_production,industry,01_industry.txt,0,{},{},0,0,0,0,0,0,0,0,#DIV/0!
pm_tank_production,industry,01_industry.txt,250,{'steel': 5.0},"{'automobiles': -20.0, 'tanks': 20.0}",250,-400,-650,-2.6,450,-450,-900,0,0
pm_telephones,industry,01_industry.txt,5000,"{'iron': 20.0, 'rubber': 20.0, 'lead': 20.0, 'tools': 10.0}",{'telephones': 60.0},2800,4200,1400,0.28,3900,5050,1150,0,0.23
pm_no_radios,industry,01_industry.txt,0,{},{},0,0,0,0,0,0,0,0,#DIV/0!
pm_radios,industry,01_industry.txt,500,{'electricity': 50.0},"{'telephones': -20.0, 'radios': 40.0}",1500,1800,300,0.6,1950,2200,250,0,0.5
pm_muskets,industry,01_industry.txt,5000,"{'iron': 10.0, 'hardwood': 10.0}",{'small_arms': 30.0},800,1800,1000,0.2,1400,2200,800,0,0.16
pm_rifles,industry,01_industry.txt,5000,"{'steel': 10.0, 'hardwood': 10.0, 'tools': 5.0}",{'small_arms': 50.0},1100,3000,1900,0.38,2050,3600,1550,0,0.31
pm_repeaters,industry,01_industry.txt,5000,"{'steel': 20.0, 'hardwood': 10.0, 'tools': 10.0}",{'small_arms': 70.0},1800,4200,2400,0.48,3100,5050,1950,0,0.39
pm_bolt_action_rifles,industry,01_industry.txt,5000,"{'steel': 20.0, 'hardwood': 10.0, 'tools': 20.0, 'oil': 10.0}",{'small_arms': 100.0},2600,6000,3400,0.68,4450,7200,2750,0,0.55
pm_no_artillery_production,industry,01_industry.txt,0,{},{},0,0,0,0,0,0,0,0,#DIV/0!
pm_cannons,industry,01_industry.txt,5000,"{'iron': 15.0, 'hardwood': 10.0}",{'artillery': 25.0},1000,1750,750,0.15,1500,2100,600,0,0.12
pm_smoothbores,industry,01_industry.txt,5000,"{'iron': 25.0, 'hardwood': 15.0}",{'artillery': 45.0},1600,3150,1550,0.31,2550,3800,1250,0,0.25
pm_breech_loaders,industry,01_industry.txt,5000,"{'steel': 25.0, 'hardwood': 10.0, 'tools': 10.0}",{'artillery': 65.0},2050,4550,2500,0.5,3500,5500,2000,0,0.4
pm_recoiled_barrels,industry,01_industry.txt,5000,"{'steel': 40.0, 'tools': 20.0, 'oil': 10.0}",{'artillery': 90.0},3200,6300,3100,0.62,5100,7600,2500,0,0.5
pm_rotary_valve_engine_building_arms_industry,industry,01_industry.txt,-2000,{'coal': 15.0},{},450,0,-450,0.225,600,0,-600,-2400,0.25
pm_assembly_lines_building_arms_industry,industry,01_industry.txt,-2500,"{'oil': 10.0, 'electricity': 5.0}",{},550,0,-550,0.22,750,0,-750,-3000,0.25
pm_percussion_caps,industry,01_industry.txt,5000,"{'explosives': 20.0, 'lead': 20.0}",{'ammunition': 50.0},1800,2500,700,0.14,2400,3000,600,0,0.12
pm_explosive_shells,industry,01_industry.txt,5000,"{'explosives': 40.0, 'lead': 30.0}",{'ammunition': 90.0},3200,4500,1300,0.26,4350,5400,1050,0,0.21
pm_rotary_valve_engine_building_munition_plants,industry,01_industry.txt,-2000,{'coal': 15.0},{},450,0,-450,0.225,600,0,-600,-2400,0.25
pm_assembly_lines_building_munition_plants,industry,01_industry.txt,-3000,"{'oil': 10.0, 'electricity': 5.0}",{},550,0,-550,0.1833333333,750,0,-750,-3600,0.2083333333
pm_simple_farming,agro,02_agro.txt,5000,{},{'grain': 20.0},0,400,400,0.08,150,500,350,0,0.07
pm_soil_enriching_farming,agro,02_agro.txt,5000,{'fertilizer': 5.0},{'grain': 30.0},150,600,450,0.09,350,750,400,0,0.08
pm_fertilization,agro,02_agro.txt,5000,{'fertilizer': 10.0},{'grain': 45.0},300,900,600,0.12,600,1100,500,0,0.1
pm_chemical_fertilizer,agro,02_agro.txt,5000,{'fertilizer': 15.0},{'grain': 60.0},450,1200,750,0.15,850,1450,600,0,0.12
pm_no_secondary,agro,02_agro.txt,0,{},{},0,0,0,0,,,,,
pm_potatoes,agro,02_agro.txt,0,{},"{'grain': -10.0, 'liquor': 10.0}",0,100,100,0,,,,,
pm_apple_orchards,agro,02_agro.txt,0,{},"{'grain': -10.0, 'fruit': 5.0, 'sugar': 5.0}",0,100,100,0,,,,,
pm_tools_disabled,agro,02_agro.txt,0,{},{},0,0,0,0,0,0,0,0,#DIV/0!
pm_tools,agro,02_agro.txt,-1000,{'tools': 2.0},{},80,0,-80,0.08,100,0,-100,-1200,0.08333333333
pm_steam_threshers,agro,02_agro.txt,-1500,"{'tools': 2.0, 'coal': 1.0}",{},110,0,-110,0.07333333333,150,0,-150,-1800,0.08333333333
pm_tractors,agro,02_agro.txt,-2000,"{'coal': 2.0, 'engines': 1.0}",{},120,0,-120,0.06,150,0,-150,-2400,0.0625
pm_compression_ignition_tractors,agro,02_agro.txt,-2500,"{'oil': 2.0, 'engines': 1.0}",{},140,0,-140,0.056,150,0,-150,-3000,0.05
pm_citrus_orchards,agro,02_agro.txt,0,{},"{'grain': -10.0, 'fruit': 5.0, 'sugar': 5.0}",0,100,100,0,,,,,
pm_simple_farming_building_rice_farm,agro,02_agro.txt,10000,{},{'grain': 35.0},0,700,700,0.07,250,850,600,0,0.06
pm_soil_enriching_farming_building_rice_farm,agro,02_agro.txt,10000,{'fertilizer': 10.0},{'grain': 50.0},300,1000,700,0.07,600,1200,600,0,0.06
pm_fertilization_building_rice_farm,agro,02_agro.txt,10000,{'fertilizer': 20.0},{'grain': 75.0},600,1500,900,0.09,1050,1800,750,0,0.075
pm_chemical_fertilizer_building_rice_farm,agro,02_agro.txt,10000,{'fertilizer': 30.0},{'grain': 100.0},900,2000,1100,0.11,1500,2400,900,0,0.09
pm_fig_orchards_building_rice_farm,agro,02_agro.txt,0,{},"{'grain': -30.0, 'fruit': 12.0, 'sugar': 18.0}",0,300,300,0,-20,400,420,0,#DIV/0!
pm_tools_building_rice_farm,agro,02_agro.txt,-2000,{'tools': 4.0},{},160,0,-160,0.08,200,0,-200,-2400,0.08333333333
pm_steam_threshers_building_rice_farm,agro,02_agro.txt,-3000,"{'tools': 4.0, 'coal': 2.0}",{},220,0,-220,0.07333333333,300,0,-300,-3600,0.08333333333
pm_fig_orchards,agro,02_agro.txt,0,{},"{'grain': -10.0, 'fruit': 5.0, 'sugar': 5.0}",0,100,100,0,,,,,
pm_simple_ranch,agro,02_agro.txt,0,{},{'fabric': 5.0},0,100,100,0,50,150,100,,#DIV/0!
pm_sheep_farms,agro,02_agro.txt,0,{'grain': 10.0},"{'fabric': 15.0, 'fertilizer': 2.5}",200,375,175,0,300,450,150,,#DIV/0!
pm_intensive_grazing_ranch,agro,02_agro.txt,0,{'grain': 15.0},"{'fabric': 25.0, 'fertilizer': 5.0}",300,650,350,0,,,,,
pm_open_air_stockyards,agro,02_agro.txt,5000,{},{'meat': 10.0},0,300,300,0.06,150,400,250,0,0.05
pm_butchering_tools,agro,02_agro.txt,5000,{'tools': 2.0},{'meat': 15.0},80,450,370,0.074,250,550,300,0,0.06
pm_slaughterhouses,agro,02_agro.txt,5000,{'tools': 5.0},{'meat': 25.0},200,750,550,0.11,450,900,450,0,0.09
pm_mechanized_slaughtering,agro,02_agro.txt,5000,"{'tools': 5.0, 'coal': 5.0}",{'meat': 35.0},350,1050,700,0.14,700,1300,600,0,0.12
pm_standard_fences,agro,02_agro.txt,0,{},{},0,0,0,0,0,0,0,0,#DIV/0!
pm_barbed_wire_fences,agro,02_agro.txt,-500,{'iron': 1.0},{},40,0,-40,0.08,50,0,-50,-600,0.08333333333
pm_electric_fencing,agro,02_agro.txt,-1000,"{'iron': 1.0, 'electricity': 1.0}",{},70,0,-70,0.07,50,0,-50,-1200,0.04166666667
pm_unrefrigerated,agro,02_agro.txt,0,{},{},0,0,0,0,0,0,0,0,#DIV/0!
pm_refrigerated_storage_building_livestock_ranch,agro,02_agro.txt,-500,{'electricity': 1.0},{},30,0,-30,0.06,0,0,0,-600,0
pm_refrigerated_rail_cars_building_livestock_ranch,agro,02_agro.txt,-1000,"{'electricity': 1.0, 'transportation': 1.0}",{},60,0,-60,0.06,50,0,-50,-1200,0.04166666667
pm_picks_and_shovels_building_coal_mine,mines,03_mines.txt,5000,{'tools': 5.0},{'coal': 25.0},200,750,550,0.11,450,900,450,0,0.09
pm_atmospheric_engine_pump_building_coal_mine,mines,03_mines.txt,5000,{'tools': 10.0},{'coal': 40.0},400,1200,800,0.16,800,1450,650,0,0.13
pm_condensing_engine_pump_building_coal_mine,mines,03_mines.txt,5000,{'tools': 15.0},{'coal': 60.0},600,1800,1200,0.24,1200,2200,1000,0,0.2
pm_diesel_pump_building_coal_mine,mines,03_mines.txt,5000,"{'tools': 15.0, 'oil': 5.0}",{'coal': 90.0},800,2700,1900,0.38,1700,3250,1550,0,0.31
pm_no_explosives,mines,03_mines.txt,0,{},{},0,0,0,0,0,0,0,,#DIV/0!
pm_nitroglycerin_building_coal_mine,mines,03_mines.txt,250,{'explosives': 5.0},{'coal': 15.0},250,450,200,0.8,350,550,200,0,0.8
pm_dynamite_building_coal_mine,mines,03_mines.txt,250,{'explosives': 10.0},{'coal': 25.0},500,750,250,1,700,900,200,0,0.8
pm_no_steam_automation,mines,03_mines.txt,0,{},{},0,0,0,0,0,0,0,0,#DIV/0!
pm_steam_donkey_building_coal_mine,mines,03_mines.txt,-1000,{'engines': 1.0},{'coal': -3.0},60,-90,-150,0.15,100,-100,-200,-1200,0.1666666667
pm_road_carts,mines,03_mines.txt,0,{},{},0,0,0,0,0,0,0,,#DIV/0!
pm_picks_and_shovels_building_iron_mine,mines,03_mines.txt,5000,{'tools': 5.0},{'iron': 20.0},200,800,600,0.12,500,1000,500,0,0.1
pm_atmospheric_engine_pump_building_iron_mine,mines,03_mines.txt,5000,"{'tools': 10.0, 'coal': 10.0}",{'iron': 40.0},700,1600,900,0.18,1200,1950,750,0,0.15
pm_condensing_engine_pump_building_iron_mine,mines,03_mines.txt,5000,"{'tools': 15.0, 'coal': 15.0}",{'iron': 60.0},1050,2400,1350,0.27,1800,2900,1100,0,0.22
pm_diesel_pump_building_iron_mine,mines,03_mines.txt,5000,"{'tools': 15.0, 'oil': 5.0}",{'iron': 70.0},800,2800,2000,0.4,1800,3400,1600,0,0.32
pm_nitroglycerin_building_iron_mine,mines,03_mines.txt,250,{'explosives': 5.0},{'iron': 12.0},250,480,230,0.92,400,600,200,0,0.8
pm_dynamite_building_iron_mine,mines,03_mines.txt,250,{'explosives': 10.0},{'iron': 20.0},500,800,300,1.2,750,1000,250,0,1
pm_steam_donkey_mine,mines,03_mines.txt,-1000,"{'engines': 1.0, 'coal': 4.0}",{},180,0,-180,0.18,250,0,-250,-1200,0.2083333333
pm_rail_transport_mine,mines,03_mines.txt,-1000,{'transportation': 5.0},{},150,0,-150,0.15,200,0,-200,-1200,0.1666666667
pm_picks_and_shovels_building_lead_mine,mines,03_mines.txt,5000,{'tools': 5.0},{'lead': 20.0},200,800,600,0.12,500,1000,500,0,0.1
pm_atmospheric_engine_pump_building_lead_mine,mines,03_mines.txt,5000,"{'tools': 10.0, 'coal': 10.0}",{'lead': 40.0},700,1600,900,0.18,1200,1950,750,0,0.15
pm_condensing_engine_pump_building_lead_mine,mines,03_mines.txt,5000,"{'tools': 15.0, 'coal': 15.0}",{'lead': 60.0},1050,2400,1350,0.27,1800,2900,1100,0,0.22
pm_diesel_pump_building_lead_mine,mines,03_mines.txt,5000,"{'tools': 15.0, 'oil': 5.0}",{'lead': 70.0},800,2800,2000,0.4,1800,3400,1600,0,0.32
pm_nitroglycerin_building_lead_mine,mines,03_mines.txt,250,{'explosives': 5.0},{'lead': 12.0},250,480,230,0.92,400,600,200,0,0.8
pm_dynamite_building_lead_mine,mines,03_mines.txt,250,{'explosives': 10.0},{'lead': 20.0},500,800,300,1.2,750,1000,250,0,1
pm_picks_and_shovels_building_sulfur_mine,mines,03_mines.txt,5000,{'tools': 5.0},{'sulfur': 20.0},200,1000,800,0.16,550,1200,650,0,0.13
pm_atmospheric_engine_pump_building_sulfur_mine,mines,03_mines.txt,5000,"{'tools': 10.0, 'coal': 10.0}",{'sulfur': 40.0},700,2000,1300,0.26,1350,2400,1050,0,0.21
pm_condensing_engine_pump_building_sulfur_mine,mines,03_mines.txt,5000,"{'tools': 15.0, 'coal': 15.0}",{'sulfur': 60.0},1050,3000,1950,0.39,2000,3600,1600,0,0.32
pm_diesel_pump_building_sulfur_mine,mines,03_mines.txt,5000,"{'tools': 15.0, 'oil': 5.0}",{'sulfur': 80.0},800,4000,3200,0.64,2200,4800,2600,0,0.52
pm_nitroglycerin_building_sulfur_mine,mines,03_mines.txt,250,{'explosives': 5.0},{'sulfur': 10.0},250,500,250,1,400,600,200,0,0.8
pm_dynamite_building_sulfur_mine,mines,03_mines.txt,250,{'explosives': 10.0},{'sulfur': 20.0},500,1000,500,2,800,1200,400,0,1.6
pm_picks_and_shovels_building_gold_mine,mines,03_mines.txt,5000,{'tools': 5.0},{'gold': 8.0},200,800,600,0.12,500,1000,500,0,0.1
pm_atmospheric_engine_pump_building_gold_mine,mines,03_mines.txt,5000,"{'tools': 10.0, 'coal': 10.0}",{'gold': 15.0},700,1500,800,0.16,1150,1800,650,0,0.13
pm_condensing_engine_pump_building_gold_mine,mines,03_mines.txt,5000,"{'tools': 15.0, 'coal': 15.0}",{'gold': 25.0},1050,2500,1450,0.29,1800,3000,1200,0,0.24
pm_diesel_pump_building_gold_mine,mines,03_mines.txt,5000,"{'tools': 15.0, 'oil': 5.0}",{'gold': 30.0},800,3000,2200,0.44,1800,3600,1800,0,0.36
pm_nitroglycerin_building_gold_mine,mines,03_mines.txt,250,{'explosives': 5.0},{'gold': 5.0},250,500,250,1,400,600,200,0,0.8
pm_dynamite_building_gold_mine,mines,03_mines.txt,250,{'explosives': 10.0},{'gold': 10.0},500,1000,500,2,800,1200,400,0,1.6
pm_steam_rail_transport,plantations,04_plantations.txt,-1000,{'transportation': 5.0},{},150,0,-150,0.15,200,0,-200,-1200,0.1666666667
pm_no_organization,military,05_military.txt,0,{},{},0,0,0,0,,,,,
pm_general_training,military,05_military.txt,0,{},{},0,0,0,0,,,,,
pm_advanced_tactics_training,military,05_military.txt,0,{},{},0,0,0,0,,,,,
pm_training_streamlining,military,05_military.txt,0,{},{},0,0,0,0,,,,,
pm_nco_incorporation,military,05_military.txt,0,{},{},0,0,0,0,,,,,
pm_mobile_warfare_tactics,military,05_military.txt,0,{},{},0,0,0,0,,,,,
pm_no_organization_conscription,military,05_military.txt,0,{},{},0,0,0,0,,,,,
pm_general_training_conscription,military,05_military.txt,0,{},{},0,0,0,0,,,,,
pm_advanced_tactics_training_conscription,military,05_military.txt,0,{},{},0,0,0,0,,,,,
pm_training_streamlining_conscription,military,05_military.txt,0,{},{},0,0,0,0,,,,,
pm_nco_incorporation_conscription,military,05_military.txt,0,{},{},0,0,0,0,,,,,
pm_mobile_warfare_tactics_conscription,military,05_military.txt,0,{},{},0,0,0,0,,,,,
pm_no_naval_theory,military,05_military.txt,0,{},{},0,0,0,0,,,,,
pm_power_of_the_purse,military,05_military.txt,0,{},{},0,0,0,0,,,,,
pm_jeune_ecole,military,05_military.txt,0,{},{},0,0,0,0,,,,,
pm_sea_lane_strategies,military,05_military.txt,0,{},{},0,0,0,0,,,,,
pm_battlefleet_tactics,military,05_military.txt,0,{},{},0,0,0,0,,,,,
pm_market_stalls,urban_center,06_urban_center.txt,4800,{},{'services': 15.0},0,450,450,0.09375,150,550,400,0,0.08333333333
pm_market_squares,urban_center,06_urban_center.txt,4800,"{'wood': 1.0, 'glass': 1.0}",{'services': 20.0},60,600,540,0.1125,300,750,450,0,0.09375
pm_covered_markets,urban_center,06_urban_center.txt,4800,"{'glass': 2.0, 'steel': 1.0}",{'services': 25.0},130,750,620,0.1291666667,400,900,500,0,0.1041666667
pm_arcades,urban_center,06_urban_center.txt,5000,"{'glass': 2.0, 'steel': 2.0, 'electricity': 1.0}",{'services': 30.0},210,900,690,0.138,500,1100,600,0,0.12
pm_no_street_lighting,urban_center,06_urban_center.txt,0,{},{},0,0,0,0,0,0,0,,#DIV/0!
pm_gas_streetlights,urban_center,06_urban_center.txt,250,{'coal': 2.0},{'services': 5.0},60,150,90,0.36,100,200,100,0,0.4
pm_electric_streetlights,urban_center,06_urban_center.txt,250,{'electricity': 3.0},{'services': 10.0},90,300,210,0.84,200,400,200,0,0.8
pm_no_public_transport,urban_center,06_urban_center.txt,0,{},{'transportation': 2.0},0,60,60,0,,,,,
pm_public_trams,urban_center,06_urban_center.txt,-200,{'engines': 0.5},{'transportation': 4.0},30,120,90,-0.45,50,150,100,0,-0.5
pm_public_motor_carriages,urban_center,06_urban_center.txt,-400,{'automobiles': 1.0},{'transportation': 8.0},100,240,140,-0.35,150,300,150,0,-0.375
pm_state_urban_clergy,urban_center,06_urban_center.txt,200,{},{},0,0,0,0,,,,,
pm_free_urban_clergy,urban_center,06_urban_center.txt,250,{},{},0,0,0,0,,,,,
pm_no_urban_clergy,urban_center,06_urban_center.txt,200,{},{},0,0,0,0,0,0,0,,0
pm_traditional_art,urban_center,06_urban_center.txt,0,{'paper': 10.0},{'fine_art': 5.0},300,1000,700,0,600,1200,600,,#DIV/0!
pm_realist_art,urban_center,06_urban_center.txt,0,{'paper': 15.0},{'fine_art': 6.0},450,1200,750,0,850,1450,600,,#DIV/0!
pm_photographic_art,urban_center,06_urban_center.txt,0,"{'paper': 15.0, 'tools': 8.0}",{'fine_art': 8.0},770,1600,830,0,1250,1950,700,,#DIV/0!
pm_film_art,urban_center,06_urban_center.txt,0,"{'tools': 10.0, 'paper': 15.0, 'electricity': 5.0}",{'fine_art': 10.0},1000,2000,1000,0,,,,,
pm_principle_freedom_of_movement_3,urban_center,06_urban_center.txt,0,{},{},0,0,0,0,,,,,
pm_freedom_of_movement_no_effect,urban_center,06_urban_center.txt,0,{},{},0,0,0,0,,,,,
pm_traditional_patronage,urban_center,06_urban_center.txt,5000,{},{},0,0,0,0,,,,,
pm_bourgeoisie_patronage,urban_center,06_urban_center.txt,5000,{},{},0,0,0,0,,,,,
pm_independent_artists,urban_center,06_urban_center.txt,5000,{},{},0,0,0,0,0,0,0,,0
pm_early_power_plant,urban_center,06_urban_center.txt,1000,"{'engines': 4.0, 'coal': 5.0, 'wood': 5.0}",{'electricity': 25.0},490,750,260,0.26,650,900,250,0,0.25
pm_coal-fired_plant,urban_center,06_urban_center.txt,1000,"{'engines': 6.0, 'coal': 20.0}",{'electricity': 50.0},960,1500,540,0.54,1350,1800,450,0,0.45
pm_oil-fired_plant,urban_center,06_urban_center.txt,1000,"{'engines': 10.0, 'oil': 25.0}",{'electricity': 80.0},1600,2400,800,0.8,2250,2900,650,0,0.65
pm_simple_organization,government,07_government.txt,500,{},{},0,0,0,0,0,0,0,,0
pm_horizontal_drawer_cabinets,government,07_government.txt,500,{'paper': 10.0},{},300,0,-300,-0.6,400,0,-400,0,0
pm_vertical_filing_cabinets,government,07_government.txt,500,{'paper': 20.0},{},600,0,-600,-1.2,800,0,-800,0,0
pm_switch_boards,government,07_government.txt,500,"{'paper': 20.0, 'telephones': 5.0}",{},950,0,-950,-1.9,1300,0,-1300,0,0
pm_hereditary_bureaucrats,government,07_government.txt,500,{},{},0,0,0,0,,,,,
pm_professional_bureaucrats,government,07_government.txt,500,{},{},0,0,0,0,,,,,
pm_secular_bureaucrats,government,07_government.txt,500,{},{},0,0,0,0,0,0,0,,0
pm_religious_bureaucrats,government,07_government.txt,500,{},{},0,0,0,0,0,0,0,,0
pm_scholastic_education,government,07_government.txt,500,{'paper': 5.0},{},150,0,-150,-0.3,200,0,-200,0,0
pm_philosophy_department,government,07_government.txt,500,{'paper': 10.0},{},300,0,-300,-0.6,400,0,-400,0,0
pm_analytical_philosophy_department,government,07_government.txt,500,{'paper': 15.0},{},450,0,-450,-0.9,600,0,-600,0,0
pm_secular_academia,government,07_government.txt,500,{},{},0,0,0,0,0,0,0,,0
pm_religious_academia,government,07_government.txt,500,{},{},0,0,0,0,0,0,0,,0
pm_skyscraper_bureaucratic_nexus,government,07_government.txt,1000,{'paper': 25.0},{},750,0,-750,-0.75,1050,0,-1050,0,0
pm_skyscraper_trade_nexus,government,07_government.txt,1000,{'paper': 25.0},{},750,0,-750,-0.75,1050,0,-1050,0,0
pm_no_airships,government,07_government.txt,0,{},{},0,0,0,0,,,,,
pm_airship_mooring_post,government,07_government.txt,0,{},{},0,0,0,0,,,,,
pm_default_building_eiffel_tower,monuments,08_monuments.txt,100,{},{},0,0,0,0,,,,,
pm_default_building_cristo_redentor,monuments,08_monuments.txt,100,{},{},0,0,0,0,,,,,
pm_default_building_angkor_wat,monuments,08_monuments.txt,500,{},{},0,0,0,0,,,,,
pm_default_building_big_ben,monuments,08_monuments.txt,100,{},{},0,0,0,0,,,,,
pm_default_building_forbidden_city,monuments,08_monuments.txt,1000,{},{},0,0,0,0,,,,,
pm_default_building_hagia_sophia,monuments,08_monuments.txt,200,{},{},0,0,0,0,,,,,
pm_default_building_mosque_of_djenne,monuments,08_monuments.txt,500,{},{},0,0,0,0,,,,,
pm_default_building_saint_basils_cathedral,monuments,08_monuments.txt,200,{},{},0,0,0,0,,,,,
pm_default_building_statue_of_liberty,monuments,08_monuments.txt,100,{},{},0,0,0,0,,,,,
pm_default_building_taj_mahal,monuments,08_monuments.txt,100,{},{},0,0,0,0,,,,,
pm_default_building_vatican_city,monuments,08_monuments.txt,500,{},{},0,0,0,0,,,,,
pm_monument_prestige_only_vatican_city,monuments,08_monuments.txt,0,{},{},0,0,0,0,,,,,
pm_default_building_white_house,monuments,08_monuments.txt,500,{},{},0,0,0,0,,,,,
pm_monument_prestige_only,monuments,08_monuments.txt,0,{},{},0,0,0,0,,,,,
pm_monument_no_effects,monuments,08_monuments.txt,0,{},{},0,0,0,0,,,,,
pm_power_bloc_statue_sovereign_empire,monuments,08_monuments.txt,500,{},{},0,0,0,0,,,,,
pm_power_bloc_statue_ideological_union,monuments,08_monuments.txt,500,{},{},0,0,0,0,,,,,
pm_power_bloc_statue_military_treaty,monuments,08_monuments.txt,500,{},{},0,0,0,0,,,,,
pm_power_bloc_statue_trade_league,monuments,08_monuments.txt,500,{},{},0,0,0,0,,,,,
pm_power_bloc_statue_religious,monuments,08_monuments.txt,500,{},{},0,0,0,0,,,,,
pm_power_bloc_prestige_only,monuments,08_monuments.txt,0,{},{},0,0,0,0,,,,,
pm_default_building_victoria_terminus,monuments,08_monuments.txt,500,{},{},0,0,0,0,0,0,0,,0
pm_simple_forestry,misc_resource,09_misc_resource.txt,5000,{},{'wood': 30.0},0,600,600,0.12,250,750,500,0,0.1
pm_saw_mills,misc_resource,09_misc_resource.txt,5000,{'tools': 5.0},{'wood': 60.0},200,1200,1000,0.2,650,1450,800,0,0.16
pm_electric_saw_mills,misc_resource,09_misc_resource.txt,5000,"{'tools': 10.0, 'electricity': 5.0}",{'wood': 100.0},550,2000,1450,0.29,1200,2400,1200,0,0.24
pm_no_hardwood,misc_resource,09_misc_resource.txt,0,{},{},0,0,0,0,,,,,
pm_hardwood,misc_resource,09_misc_resource.txt,0,{},"{'wood': -25.0, 'hardwood': 10.0}",0,-100,-100,0,,,,,
pm_increased_hardwood,misc_resource,09_misc_resource.txt,0,{},"{'wood': -40.0, 'hardwood': 20.0}",0,0,0,0,0,0,0,0,#DIV/0!
pm_no_equipment,misc_resource,09_misc_resource.txt,0,{},{},0,0,0,0,0,0,0,0,#DIV/0!
pm_steam_donkey_building_logging_camp,misc_resource,09_misc_resource.txt,-1000,"{'engines': 1.0, 'coal': 4.0}",{},180,0,-180,0.18,250,0,-250,-1200,0.2083333333
pm_chainsaws,misc_resource,09_misc_resource.txt,-1250,"{'engines': 1.0, 'oil': 4.0}",{},220,0,-220,0.176,300,0,-300,-1500,0.2
pm_rail_transport_building_logging_camp,misc_resource,09_misc_resource.txt,-1000,{'transportation': 5.0},{},150,0,-150,0.15,200,0,-200,-1200,0.1666666667
pm_log_carts,misc_resource,09_misc_resource.txt,-1500,{'transportation': 8.0},{},240,0,-240,0.16,300,0,-300,-1800,0.1666666667
pm_simple_fishing,misc_resource,09_misc_resource.txt,5000,{},{'fish': 25.0},0,500,500,0.1,200,600,400,0,0.08
pm_fishing_trawlers,misc_resource,09_misc_resource.txt,5000,{'clippers': 5.0},{'fish': 50.0},300,1000,700,0.14,600,1200,600,0,0.12
pm_steam_trawlers,misc_resource,09_misc_resource.txt,5000,"{'steamers': 5.0, 'coal': 15.0}",{'fish': 100.0},800,2000,1200,0.24,1400,2400,1000,0,0.2
pm_refrigerated_storage_building_fishing_wharf,misc_resource,09_misc_resource.txt,-1000,{'electricity': 5.0},{},150,0,-150,0.15,200,0,-200,-1200,0.1666666667
pm_refrigerated_rail_cars_building_fishing_wharf,misc_resource,09_misc_resource.txt,-2000,"{'electricity': 5.0, 'transportation': 5.0}",{},300,0,-300,0.15,400,0,-400,-2400,0.1666666667
pm_flash_freezing_building_fishing_wharf,misc_resource,09_misc_resource.txt,-3000,"{'electricity': 7.0, 'transportation': 7.0}",{},420,0,-420,0.14,550,0,-550,-3600,0.1527777778
pm_simple_whaling,misc_resource,09_misc_resource.txt,5000,{},"{'meat': 5.0, 'oil': 10.0}",0,550,550,0.11,250,700,450,0,0.09
pm_wooden_whaling_ships,misc_resource,09_misc_resource.txt,5000,{'clippers': 5.0},"{'meat': 10.0, 'oil': 20.0}",300,1100,800,0.16,700,1350,650,0,0.13
pm_steam_whaling_ships,misc_resource,09_misc_resource.txt,5000,"{'steamers': 5.0, 'coal': 20.0}","{'meat': 20.0, 'oil': 40.0}",950,2200,1250,0.25,1650,2650,1000,0,0.2
pm_refrigerated_storage_building_whaling_station,misc_resource,09_misc_resource.txt,-1000,{'electricity': 5.0},{},150,0,-150,0.15,200,0,-200,-1200,0.1666666667
pm_refrigerated_rail_cars_building_whaling_station,misc_resource,09_misc_resource.txt,-2000,"{'electricity': 5.0, 'transportation': 5.0}",{},300,0,-300,0.15,400,0,-400,-2400,0.1666666667
pm_flash_freezing_building_whaling_station,misc_resource,09_misc_resource.txt,-3000,"{'electricity': 7.0, 'transportation': 7.0}",{},420,0,-420,0.14,550,0,-550,-3600,0.1527777778
pm_steam_derricks,misc_resource,09_misc_resource.txt,5000,"{'engines': 5.0, 'coal': 10.0}",{'oil': 60.0},600,2400,1800,0.36,1450,2900,1450,0,0.29
pm_combustion_derricks,misc_resource,09_misc_resource.txt,5000,{'engines': 10.0},{'oil': 100.0},600,4000,3400,0.68,2050,4800,2750,0,0.55
pm_rail_transport_building_oil_rig,misc_resource,09_misc_resource.txt,-1000,{'transportation': 5.0},{},150,0,-150,0.15,200,0,-200,-1200,0.1666666667
pm_tanker_cars,misc_resource,09_misc_resource.txt,-2000,{'transportation': 10.0},{},300,0,-300,0.15,400,0,-400,-2400,0.1666666667
pm_canal,canals,10_canals.txt,5000,"{'tools': 10.0, 'coal': 15.0}",{},850,0,-850,-0.17,1150,0,-1150,0,0
pm_anchorage,private_infrastructure,11_private_infrastructure.txt,250,{},{},0,0,0,0,0,0,0,,0
pm_basic_port,private_infrastructure,11_private_infrastructure.txt,1000,{'clippers': 5.0},{'merchant_marine': 10.0},300,500,200,0.2,400,600,200,0,0.2
pm_industrial_port,private_infrastructure,11_private_infrastructure.txt,1000,"{'steamers': 5.0, 'coal': 5.0}",{'merchant_marine': 20.0},500,1000,500,0.5,800,1200,400,0,0.4
pm_modern_port,private_infrastructure,11_private_infrastructure.txt,1000,"{'steamers': 5.0, 'oil': 10.0}",{'merchant_marine': 30.0},750,1500,750,0.75,1200,1800,600,0,0.6
pm_early_trains,private_infrastructure,11_private_infrastructure.txt,1000,"{'engines': 5.0, 'coal': 2.0}",{'transportation': 20.0},360,600,240,0.24,550,750,200,0,0.2
pm_steam_trains,private_infrastructure,11_private_infrastructure.txt,1000,"{'engines': 5.0, 'coal': 5.0}",{'transportation': 25.0},450,750,300,0.3,650,900,250,0,0.25
pm_steam_trains_principle_transport_3,private_infrastructure,11_private_infrastructure.txt,1000,"{'engines': 6.0, 'coal': 6.0}",{'transportation': 30.0},540,900,360,0.36,800,1100,300,0,0.3
pm_electric_trains,private_infrastructure,11_private_infrastructure.txt,1000,"{'engines': 5.0, 'electricity': 8.0}",{'transportation': 35.0},540,1050,510,0.51,850,1300,450,0,0.45
pm_electric_trains_principle_transport_3,private_infrastructure,11_private_infrastructure.txt,1000,"{'engines': 6.0, 'electricity': 10.0}",{'transportation': 45.0},660,1350,690,0.69,1050,1650,600,0,0.6
pm_diesel_trains,private_infrastructure,11_private_infrastructure.txt,1000,"{'engines': 5.0, 'oil': 6.0}",{'transportation': 40.0},540,1200,660,0.66,900,1450,550,0,0.55
pm_diesel_trains_principle_transport_3,private_infrastructure,11_private_infrastructure.txt,1000,"{'engines': 6.0, 'oil': 8.0}",{'transportation': 50.0},680,1500,820,0.82,1100,1800,700,0,0.7
pm_no_passenger_trains,private_infrastructure,11_private_infrastructure.txt,0,{},{},0,0,0,0,0,0,0,,#DIV/0!
pm_wooden_passenger_carriages,private_infrastructure,11_private_infrastructure.txt,100,{'wood': 8.0},{'transportation': 10.0},160,300,140,1.4,250,400,150,0,1.5
pm_steel_passenger_carriages,private_infrastructure,11_private_infrastructure.txt,200,{'steel': 5.0},{'transportation': 15.0},250,450,200,1,350,550,200,0,1
pm_trade_center,private_infrastructure,11_private_infrastructure.txt,1000,{},{},0,0,0,0,0,0,0,,0
pm_trade_center_principle_external_trade_2,private_infrastructure,11_private_infrastructure.txt,1000,{},{},0,0,0,0,0,0,0,,0
pm_trade_center_trade_quantity_limited,private_infrastructure,11_private_infrastructure.txt,0,{'merchant_marine': 3.0},{},150,0,-150,0,100,0,-100,,#DIV/0!
pm_trade_center_trade_quantity_normal,private_infrastructure,11_private_infrastructure.txt,0,{'merchant_marine': 4.0},{},200,0,-200,0,150,0,-150,,#DIV/0!
pm_trade_center_trade_quantity_high,private_infrastructure,11_private_infrastructure.txt,0,{'merchant_marine': 5.0},{},250,0,-250,0,,,,,
pm_trade_center_trade_quantity_very_high,private_infrastructure,11_private_infrastructure.txt,0,{'merchant_marine': 6.0},{},300,0,-300,0,,,,,
pm_financial_district_privately_owned,private_infrastructure,11_private_infrastructure.txt,100,{},{},0,0,0,0,,,,,
pm_financial_district_publicly_traded,private_infrastructure,11_private_infrastructure.txt,100,{},{},0,0,0,0,,,,,
pm_financial_district_principle_divine_economics_2,private_infrastructure,11_private_infrastructure.txt,100,{},{},0,0,0,0,,,,,
pm_manor_house_privately_owned,private_infrastructure,11_private_infrastructure.txt,50,{},{},0,0,0,0,,,,,
pm_manor_house_principle_divine_economics_2,private_infrastructure,11_private_infrastructure.txt,100,{},{},0,0,0,0,,,,,
pm_manor_house_bureaucrat_ownership,private_infrastructure,11_private_infrastructure.txt,100,{},{},0,0,0,0,,,,,
pm_manor_house_clergy_ownership,private_infrastructure,11_private_infrastructure.txt,100,{},{},0,0,0,0,,,,,
pm_company_headquarter_privately_owned,private_infrastructure,11_private_infrastructure.txt,50,{},{},0,0,0,0,,,,,
pm_company_headquarter_principle_divine_economics_2,private_infrastructure,11_private_infrastructure.txt,50,{},{},0,0,0,0,,,,,
pm_company_headquarter_government_run,private_infrastructure,11_private_infrastructure.txt,100,{},{},0,0,0,0,,,,,
pm_company_headquarter_worker_cooperative,private_infrastructure,11_private_infrastructure.txt,100,{},{},0,0,0,0,,,,,
pm_home_workshops_no_building_subsistence_farms,subsistence,12_subsistence.txt,0,{},"{'grain': 0.5, 'fabric': 0.25, 'wood': 0.25}",0,20,20,0,,,,,
pm_home_workshops_building_subsistence_farms,subsistence,12_subsistence.txt,0,{},"{'clothes': 0.25, 'furniture': 0.25, 'liquor': 0.25}",0,22.5,22.5,0,,,,,
pm_serfdom_no,subsistence,12_subsistence.txt,0,{},{},0,0,0,0,,,,,
pm_homesteading_building_subsistence,subsistence,12_subsistence.txt,0,{},{'grain': 0.25},0,5,5,0,,,,,
pm_serfdom,subsistence,12_subsistence.txt,0,{},{'grain': 0.5},0,10,10,0,,,,,
pm_home_workshops_no_building_subsistence_orchards,subsistence,12_subsistence.txt,0,{},"{'fruit': 0.33, 'fabric': 0.25, 'wood': 0.25}",0,19.9,19.9,0,,,,,
pm_home_workshops_building_subsistence_orchards,subsistence,12_subsistence.txt,0,{},"{'clothes': 0.25, 'furniture': 0.25, 'liquor': 0.25}",0,22.5,22.5,0,,,,,
pm_serfdom_building_subsistence_orchards,subsistence,12_subsistence.txt,0,{},{'fruit': 0.33},0,9.9,9.9,0,,,,,
pm_home_workshops_no_building_subsistence_pastures,subsistence,12_subsistence.txt,0,{},"{'meat': 0.33, 'fabric': 0.5}",0,19.9,19.9,0,,,,,
pm_home_workshops_building_subsistence_pastures,subsistence,12_subsistence.txt,0,{},"{'clothes': 0.25, 'furniture': 0.25, 'liquor': 0.25}",0,22.5,22.5,0,,,,,
pm_serfdom_building_subsistence_pastures,subsistence,12_subsistence.txt,0,{},{'meat': 0.33},0,9.9,9.9,0,,,,,
pm_home_workshops_no_building_subsistence_fishing_villages,subsistence,12_subsistence.txt,0,{},"{'fish': 0.5, 'fabric': 0.25, 'wood': 0.25}",0,20,20,0,,,,,
pm_home_workshops_building_subsistence_fishing_villages,subsistence,12_subsistence.txt,0,{},"{'clothes': 0.25, 'furniture': 0.25, 'liquor': 0.25}",0,22.5,22.5,0,,,,,
pm_serfdom_building_subsistence_fishing_villages,subsistence,12_subsistence.txt,0,{},{'fish': 0.5},0,10,10,0,,,,,
pm_home_workshops_no_building_subsistence_rice_paddies,subsistence,12_subsistence.txt,0,{},"{'grain': 1.0, 'fabric': 0.5, 'wood': 0.5}",0,40,40,0,,,,,
pm_home_workshops_building_subsistence_rice_paddies,subsistence,12_subsistence.txt,0,{},"{'clothes': 0.5, 'furniture': 0.5, 'liquor': 0.5}",0,45,45,0,0,100,50,,#DIV/0!
pm_serfdom_building_subsistence_rice_paddies,subsistence,12_subsistence.txt,0,{},{'grain': 1.0},0,20,20,0,0,50,50,,#DIV/0!
pm_wooden_buildings,construction,13_construction.txt,1000,"{'fabric': 25.0, 'wood': 75.0}",{},2000,0,-2000,-2,2800,0,-2800,0,0
pm_iron_frame_buildings,construction,13_construction.txt,1000,"{'wood': 45.0, 'fabric': 20.0, 'iron': 50.0, 'tools': 10.0}",{},3700,0,-3700,-3.7,5100,0,-5100,0,0
pm_steel_frame_buildings,construction,13_construction.txt,1000,"{'steel': 56.0, 'glass': 40.0, 'explosives': 10.0, 'tools': 20.0}",{},5700,0,-5700,-5.7,7900,0,-7900,0,0
pm_arc_welded_buildings,construction,13_construction.txt,1000,"{'steel': 48.0, 'glass': 40.0, 'explosives': 20.0, 'tools': 40.0, 'electricity': 40.0}",{},7800,0,-7800,-7.8,10900,0,-10900,0,0